{"loss/train": 0.966194748878479, "_timestamp": 1681961097.8960402, "lr/train": 6.0500000000000005e-06, "_runtime": 665.4907701015472, "_step": 120, "_wandb": {"runtime": 665}}